"氏名","ふりがな","氏名ふりがな"
"新島つねお","にいじまつねお","新島つねお（にいじまつねお）"
"米沢和裕","よねざわかずひろ","米沢和裕（よねざわかずひろ）"
"大嵩崎かおり","だいかささきかおり","大嵩崎かおり（だいかささきかおり）"
"おおやね匠","おおやねたくみ","おおやね匠（おおやねたくみ）"
"二瓶文隆","にへいふみたか","二瓶文隆（にへいふみたか）"
"福馬恵美子","ふくうまえみこ","福馬恵美子（ふくうまえみこ）"
"小嶋和芳","こじまかずよし","小嶋和芳（こじまかずよし）"
"赤羽目民雄","あかばねめたみお","赤羽目民雄（あかばねめたみお）"
"甚野ゆずる","じんのゆずる","甚野ゆずる（じんのゆずる）"
"千葉早希恵","ちばさきめぐみ","千葉早希恵（ちばさきめぐみ）"
"中嶋雅樹","なかじままさき","中嶋雅樹（なかじままさき）"
"高村きよみ","たかむらきよみ","高村きよみ（たかむらきよみ）"
"釼先美彦","けんさきよしひこ","釼先美彦（けんさきよしひこ）"
"吉田要","よしだよう","吉田要（よしだよう）"
"佐竹としこ","さたけとしこ","佐竹としこ（さたけとしこ）"
"白岩忠夫","しろいわただお","白岩忠夫（しろいわただお）"
"見山伸路","みやましんみち","見山伸路（みやましんみち）"
"堀川幸志","ほりかわこうじ","堀川幸志（ほりかわこうじ）"
"正保幹雄","しょうほみきお","正保幹雄（しょうほみきお）"
"さんのへあや","さんのへあや","さんのへあや（さんのへあや）"
"やしきだ綾香","やしきだあやか","やしきだ綾香（やしきだあやか）"
"佐藤信夫","さとうのぶお","佐藤信夫（さとうのぶお）"
"中根たくや","なかねたくや","中根たくや（なかねたくや）"
"三次ゆりか","さんじゆりか","三次ゆりか（さんじゆりか）"
"中村まさ子","なかむらまさこ","中村まさ子（なかむらまさこ）"
"板津道也","いたつみちや","板津道也（いたつみちや）"
"酒井なつみ","さかいなつみ","酒井なつみ（さかいなつみ）"
"鈴木綾子","すずきあやこ","鈴木綾子（すずきあやこ）"
"星野博","ほしのひろし","星野博（ほしのひろし）"
"若林しげる","わかばやししげる","若林しげる（わかばやししげる）"
"にしがき誠","にしがきまこと","にしがき誠（にしがきまこと）"
"徳永雅博","とくながまさひろ","徳永雅博（とくながまさひろ）"
"河野清史","こうのきよし","河野清史（こうのきよし）"
"関根友子","せきねともこ","関根友子（せきねともこ）"
"金子ひさし","かねこひさし","金子ひさし（かねこひさし）"
"川北直人","かわきたなおと","川北直人（かわきたなおと）"
"重松佳幸","しげまつよしゆき","重松佳幸（しげまつよしゆき）"
"鬼頭たつや","きとうたつや","鬼頭たつや（きとうたつや）"
"磯野繁夫","いそのしげお","磯野繁夫（いそのしげお）"
"矢次浩二","やつぎこうじ","矢次浩二（やつぎこうじ）"
"榎本雄一","えのもとゆういち","榎本雄一（えのもとゆういち）"
"石川邦夫","いしかわくにお","石川邦夫（いしかわくにお）"
"山本香代子","やまもとかよこ","山本香代子（やまもとかよこ）"
"室達康宏","しつとおるやすひろ","室達康宏（しつとおるやすひろ）"
"山本真","やまもとまこと","山本真（やまもとまこと）"
"きくち幸江","きくちゆきえ","きくち幸江（きくちゆきえ）"
"菅谷俊一","すがやとしかず","菅谷俊一（すがやとしかず）"
"鈴木清人","すずききよと","鈴木清人（すずききよと）"
"図師和美","ずしかずみ","図師和美（ずしかずみ）"
"そえや良夫","そえやよしお","そえや良夫（そえやよしお）"
"豊島成彦","とよしまなるひこ","豊島成彦（とよしまなるひこ）"
"細田勇","ほそだいさみ","細田勇（ほそだいさみ）"
"高橋めぐみ","たかはしめぐみ","高橋めぐみ（たかはしめぐみ）"
"細田　勇","ほそだ　いさみ","細田　勇（ほそだ　いさみ）"
"高村直樹","たかむらなおき","高村直樹（たかむらなおき）"
"竹田将英","たけだしょうえい","竹田将英（たけだしょうえい）"
"庄野剛志","しょうのたけし","庄野剛志（しょうのたけし）"
"伊藤嘉浩","いとうよしひろ","伊藤嘉浩（いとうよしひろ）"
"斉藤信行","さいとうのぶゆき","斉藤信行（さいとうのぶゆき）"
"秋田茂夫","あきたしげお","秋田茂夫（あきたしげお）"
"中沢正夫","なかざわまさお","中沢正夫（なかざわまさお）"
"吉田義康","よしだよしやす","吉田義康（よしだよしやす）"
"大家弘道","おおやひろみち","大家弘道（おおやひろみち）"
"添谷良夫","そえやよしお","添谷良夫（そえやよしお）"
"砂川定史","すながわていし","砂川定史（すながわていし）"
"新島恒雄","にいじまつねお","新島恒雄（にいじまつねお）"
"菊池幸江","きくちゆきえ","菊池幸江（きくちゆきえ）"
"前田かおる","まえだかおる","前田かおる（まえだかおる）"
"山口正弘","やまぐちまさひろ","山口正弘（やまぐちまさひろ）"
"小菅富貴子","こすげときこ","小菅富貴子（こすげときこ）"
"吉田明","よしだめい","吉田明（よしだめい）"
"柴田幸雄","しばたゆきお","柴田幸雄（しばたゆきお）"
"薗部典子","そのべのりこ","薗部典子（そのべのりこ）"
"松江恒治","まつえつねじ","松江恒治（まつえつねじ）"
"川名省三","かわなしょうぞう","川名省三（かわなしょうぞう）"
"畔上三和子","あぜがみみわこ","畔上三和子（あぜがみみわこ）"
"小森弘雅","こもりひろまさ","小森弘雅（こもりひろまさ）"
"米沢正和","よねざわまさかず","米沢正和（よねざわまさかず）"
"山本秀雄","やまもとひでお","山本秀雄（やまもとひでお）"
"鈴木康吉","すずきこうきち","鈴木康吉（すずきこうきち）"
"土倉喜一郎","つちくらきいちろう","土倉喜一郎（つちくらきいちろう）"
"鈴木きよと","すずききよと","鈴木きよと（すずききよと）"
"小出功","こいでこう","小出功（こいでこう）"
"佐竹敏子","さたけとしこ","佐竹敏子（さたけとしこ）"
"高橋まさこ","たかはしまさこ","高橋まさこ（たかはしまさこ）"
"萩原集二","はぎわらしゅうに","萩原集二（はぎわらしゅうに）"
"平井康義","ひらいやすよし","平井康義（ひらいやすよし）"
"古橋けんいち","ふるはしけんいち","古橋けんいち（ふるはしけんいち）"
"鈴木清次","すずきせいじ","鈴木清次（すずきせいじ）"
"佐藤利三","さとうとしぞう","佐藤利三（さとうとしぞう）"
"斉藤久也","さいとうひさや","斉藤久也（さいとうひさや）"
"数藤武司","すとうたけし","数藤武司（すとうたけし）"
"氏家威","うじいえい","氏家威（うじいえい）"
"三浦勝夫","みうらかつお","三浦勝夫（みうらかつお）"
"滝沢哲志","たきざわてつじ","滝沢哲志（たきざわてつじ）"
